{"identity":"CharacterGeneratorSettings","version":"2.0.0","gender":"female","patterns":{"body":"p01","face":"p06","fronthair":"p22","rearhair":"p10","ears":"p01","eyes":"p13","eyebrows":"p14","nose":"p12","mouth":"p04","clothing":"p21","acca":"p01"},"colors":{"#F9C19D":7,"#2C80CB":0,"#FCCB0A":3,"#B892C5":0,"#009296":12,"#D3CEC7":13,"#AE8682":0,"#FE9D1E":0,"#1C76D0":0,"#D9A404":9,"#D8AC00":0,"#A30708":17,"#D3CEC2":0,"#DA346E":0,"#A4C911":0,"#C78407":7,"#C0D3D2":0,"#4155B6":0,"#BA3B45":0,"#999999":0,"#CCBAD2":1,"#607E4B":7,"#E6D6BD":4,"#A7D6D6":0},"offsets":{"face":{"x":0,"y":0},"fronthair":{"x":0,"y":0},"rearhair":{"x":0,"y":0},"beard":{"x":0,"y":0},"ears":{"x":0,"y":0},"eyes":{"x":0,"y":0},"eyebrows":{"x":0,"y":0},"nose":{"x":0,"y":0},"mouth":{"x":0,"y":0},"facialmark":{"x":0,"y":0},"beastears":{"x":0,"y":0},"tail":{"x":0,"y":0},"wing":{"x":0,"y":0},"clothing":{"x":0,"y":0},"cloak":{"x":0,"y":0},"acca":{"x":0,"y":0},"accb":{"x":0,"y":0},"glasses":{"x":0,"y":0}}}