{"identity":"CharacterGeneratorSettings","version":"2.0.0","gender":"female","patterns":{"body":"p01","face":"p02","fronthair":"p13","rearhair":"p16","ears":"p01","eyes":"p21","eyebrows":"p19","nose":"p05","mouth":"p21","wing":"","clothing":"p03"},"colors":{"#F9C19D":10,"#2C80CB":10,"#FCCB0A":18,"#B892C5":13,"#009296":0,"#D3CEC7":22,"#AE8682":0,"#FE9D1E":0,"#1C76D0":8,"#D9A404":1,"#D8AC00":0,"#A30708":0,"#D3CEC2":17,"#DA346E":0,"#A4C911":0,"#C78407":0,"#C0D3D2":0,"#4155B6":1,"#BA3B45":0,"#999999":2,"#CCBAD2":5,"#607E4B":10,"#E6D6BD":12,"#A7D6D6":1},"offsets":{"face":{"x":0,"y":0},"fronthair":{"x":0,"y":0},"rearhair":{"x":0,"y":0},"beard":{"x":0,"y":0},"ears":{"x":0,"y":0},"eyes":{"x":0,"y":0},"eyebrows":{"x":0,"y":0},"nose":{"x":0,"y":0},"mouth":{"x":0,"y":0},"facialmark":{"x":0,"y":0},"beastears":{"x":0,"y":0},"tail":{"x":0,"y":0},"wing":{"x":0,"y":0},"clothing":{"x":0,"y":0},"cloak":{"x":0,"y":0},"acca":{"x":0,"y":0},"accb":{"x":0,"y":0},"glasses":{"x":0,"y":0}}}