{"identity":"CharacterGeneratorSettings","version":"2.0.0","gender":"female","patterns":{"body":"p01","face":"p03","fronthair":"p04","rearhair":"p02","ears":"p01","eyes":"p26","eyebrows":"p07","nose":"p02","mouth":"p02","wing":"","clothing":"p21","accb":"p07"},"colors":{"#F9C19D":10,"#2C80CB":9,"#FCCB0A":18,"#B892C5":7,"#009296":0,"#D3CEC7":20,"#AE8682":0,"#FE9D1E":15,"#1C76D0":0,"#D9A404":1,"#D8AC00":11,"#A30708":0,"#D3CEC2":0,"#DA346E":0,"#A4C911":2,"#C78407":0,"#C0D3D2":13,"#4155B6":0,"#BA3B45":8,"#999999":0,"#CCBAD2":0,"#607E4B":17,"#E6D6BD":18,"#A7D6D6":15},"offsets":{"face":{"x":0,"y":0},"fronthair":{"x":0,"y":0},"rearhair":{"x":0,"y":0},"beard":{"x":0,"y":0},"ears":{"x":0,"y":0},"eyes":{"x":0,"y":0},"eyebrows":{"x":0,"y":0},"nose":{"x":0,"y":0},"mouth":{"x":0,"y":0},"facialmark":{"x":0,"y":0},"beastears":{"x":0,"y":0},"tail":{"x":0,"y":0},"wing":{"x":0,"y":0},"clothing":{"x":0,"y":0},"cloak":{"x":0,"y":0},"acca":{"x":0,"y":0},"accb":{"x":0,"y":0},"glasses":{"x":0,"y":0}}}