{"identity":"CharacterGeneratorSettings","version":"2.0.0","gender":"female","patterns":{"body":"p01","face":"p02","fronthair":"p22","rearhair":"p05","ears":"p01","eyes":"p14","eyebrows":"p10","nose":"p20","mouth":"p05","clothing":"p14"},"colors":{"#F9C19D":6,"#2C80CB":11,"#FCCB0A":0,"#B892C5":14,"#009296":0,"#D3CEC7":5,"#AE8682":0,"#FE9D1E":7,"#1C76D0":3,"#D9A404":0,"#D8AC00":3,"#A30708":0,"#D3CEC2":17,"#DA346E":0,"#A4C911":0,"#C78407":4,"#C0D3D2":0,"#4155B6":2,"#BA3B45":0,"#999999":9,"#CCBAD2":4,"#607E4B":0,"#E6D6BD":14,"#A7D6D6":7},"offsets":{"face":{"x":0,"y":0},"fronthair":{"x":0,"y":0},"rearhair":{"x":0,"y":0},"beard":{"x":0,"y":0},"ears":{"x":0,"y":0},"eyes":{"x":0,"y":0},"eyebrows":{"x":0,"y":0},"nose":{"x":0,"y":0},"mouth":{"x":0,"y":0},"facialmark":{"x":0,"y":0},"beastears":{"x":0,"y":0},"tail":{"x":0,"y":0},"wing":{"x":0,"y":0},"clothing":{"x":0,"y":0},"cloak":{"x":0,"y":0},"acca":{"x":0,"y":0},"accb":{"x":0,"y":0},"glasses":{"x":0,"y":0}}}