{"identity":"CharacterGeneratorSettings","version":"2.0.0","gender":"female","patterns":{"body":"p01","face":"p01","fronthair":"p07","rearhair":"p22","ears":"p01","eyes":"p16","eyebrows":"p03","nose":"p05","mouth":"p20","clothing":"p26","accb":"p07"},"colors":{"#F9C19D":11,"#2C80CB":6,"#FCCB0A":16,"#B892C5":4,"#009296":12,"#D3CEC7":19,"#AE8682":1,"#FE9D1E":0,"#1C76D0":3,"#D9A404":0,"#D8AC00":8,"#A30708":9,"#D3CEC2":3,"#DA346E":0,"#A4C911":0,"#C78407":0,"#C0D3D2":12,"#4155B6":0,"#BA3B45":0,"#999999":0,"#CCBAD2":0,"#607E4B":0,"#E6D6BD":19,"#A7D6D6":0},"offsets":{"face":{"x":0,"y":0},"fronthair":{"x":0,"y":0},"rearhair":{"x":0,"y":0},"beard":{"x":0,"y":0},"ears":{"x":0,"y":0},"eyes":{"x":0,"y":0},"eyebrows":{"x":0,"y":0},"nose":{"x":0,"y":0},"mouth":{"x":0,"y":0},"facialmark":{"x":0,"y":0},"beastears":{"x":0,"y":0},"tail":{"x":0,"y":0},"wing":{"x":0,"y":0},"clothing":{"x":0,"y":0},"cloak":{"x":0,"y":0},"acca":{"x":0,"y":0},"accb":{"x":0,"y":0},"glasses":{"x":0,"y":0}}}