{"identity":"CharacterGeneratorSettings","version":"2.0.0","gender":"female","patterns":{"body":"p01","face":"p02","fronthair":"p14","rearhair":"p02","ears":"p01","eyes":"p13","eyebrows":"p04","nose":"p12","mouth":"p13","clothing":"p29"},"colors":{"#F9C19D":6,"#2C80CB":11,"#FCCB0A":22,"#B892C5":3,"#009296":0,"#D3CEC7":20,"#AE8682":0,"#FE9D1E":12,"#1C76D0":0,"#D9A404":7,"#D8AC00":4,"#A30708":17,"#D3CEC2":0,"#DA346E":0,"#A4C911":0,"#C78407":0,"#C0D3D2":0,"#4155B6":14,"#BA3B45":0,"#999999":3,"#CCBAD2":1,"#607E4B":14,"#E6D6BD":11,"#A7D6D6":0},"offsets":{"face":{"x":0,"y":0},"fronthair":{"x":0,"y":0},"rearhair":{"x":0,"y":0},"beard":{"x":0,"y":0},"ears":{"x":0,"y":0},"eyes":{"x":0,"y":0},"eyebrows":{"x":0,"y":0},"nose":{"x":0,"y":0},"mouth":{"x":0,"y":0},"facialmark":{"x":0,"y":0},"beastears":{"x":0,"y":0},"tail":{"x":0,"y":0},"wing":{"x":0,"y":0},"clothing":{"x":0,"y":0},"cloak":{"x":0,"y":0},"acca":{"x":0,"y":0},"accb":{"x":0,"y":0},"glasses":{"x":0,"y":0}}}