{"identity":"CharacterGeneratorSettings","version":"2.0.0","gender":"female","patterns":{"body":"p01","face":"p02","fronthair":"p16","rearhair":"p19","ears":"p01","eyes":"p23","eyebrows":"p15","nose":"p22","mouth":"p08","facialmark":"p03","clothing":"p21","acca":"p01","accb":""},"colors":{"#F9C19D":0,"#2C80CB":8,"#FCCB0A":6,"#B892C5":18,"#009296":0,"#D3CEC7":22,"#AE8682":8,"#FE9D1E":17,"#1C76D0":3,"#D9A404":14,"#D8AC00":5,"#A30708":9,"#D3CEC2":4,"#DA346E":12,"#A4C911":0,"#C78407":0,"#C0D3D2":14,"#4155B6":0,"#BA3B45":0,"#999999":14,"#CCBAD2":16,"#607E4B":0,"#E6D6BD":18,"#A7D6D6":4},"offsets":{"face":{"x":0,"y":0},"fronthair":{"x":0,"y":0},"rearhair":{"x":0,"y":0},"beard":{"x":0,"y":0},"ears":{"x":0,"y":0},"eyes":{"x":0,"y":0},"eyebrows":{"x":0,"y":0},"nose":{"x":0,"y":0},"mouth":{"x":0,"y":0},"facialmark":{"x":0,"y":0},"beastears":{"x":0,"y":0},"tail":{"x":0,"y":0},"wing":{"x":0,"y":0},"clothing":{"x":0,"y":0},"cloak":{"x":0,"y":0},"acca":{"x":0,"y":0},"accb":{"x":0,"y":0},"glasses":{"x":0,"y":0}}}