{"identity":"CharacterGeneratorSettings","version":"2.0.0","gender":"female","patterns":{"body":"p01","face":"p04","fronthair":"p06","rearhair":"p21","ears":"p01","eyes":"p26","eyebrows":"p06","nose":"p11","mouth":"p10","facialmark":"","clothing":"p22","cloak":"","accb":"p03","glasses":""},"colors":{"#F9C19D":1,"#2C80CB":2,"#FCCB0A":18,"#B892C5":10,"#009296":4,"#D3CEC7":12,"#AE8682":1,"#FE9D1E":12,"#1C76D0":2,"#D9A404":10,"#D8AC00":15,"#A30708":0,"#D3CEC2":0,"#DA346E":0,"#A4C911":0,"#C78407":1,"#C0D3D2":3,"#4155B6":15,"#BA3B45":0,"#999999":13,"#CCBAD2":0,"#607E4B":10,"#E6D6BD":6,"#A7D6D6":9},"offsets":{"face":{"x":0,"y":0},"fronthair":{"x":0,"y":0},"rearhair":{"x":0,"y":0},"beard":{"x":0,"y":0},"ears":{"x":0,"y":0},"eyes":{"x":0,"y":0},"eyebrows":{"x":0,"y":0},"nose":{"x":0,"y":0},"mouth":{"x":0,"y":0},"facialmark":{"x":0,"y":0},"beastears":{"x":0,"y":0},"tail":{"x":0,"y":0},"wing":{"x":0,"y":0},"clothing":{"x":0,"y":0},"cloak":{"x":0,"y":0},"acca":{"x":0,"y":0},"accb":{"x":0,"y":0},"glasses":{"x":0,"y":0}}}